title,description,count,price
Product Check 1,Product description,20,40
Product Check2,Product description2,40,50
Product Check3,Product description3,60,70
Product Check 1,Product description,20,40
Product Check2,Product description2,40,50
Product Check3,Product description3,60,70
Product Check 1,Product description,20,40
Product Check2,Product description2,40,50
Product Check3,Product description3,60,70
Product Check 1,Product description,20,40
Product Check2,Product description2,40,50
Product Check3,Product description3,60,70
Product Check 1,Product description,20,40
Product Check2,Product description2,40,50
Product Check3,Product description3,60,70
Product Check 1,Product description,20,40
Product Check2,Product description2,40,50
Product Check3,Product description3,60,70
Product Check 1,Product description,20,40
Product Check2,Product description2,40,50
Product Check3,Product description3,60,70
Product Check 1,Product description,20,40
Product Check2,Product description2,40,50
Product Check3,Product description3,60,70
Product Check 1,Product description,20,40
Product Check2,Product description2,40,50
Product Check3,Product description3,60,70
Product Check 1,Product description,20,40
Product Check2,Product description2,40,50
Product Check3,Product description3,60,70
